property_type,count,mean,sum
PRIVATE,2641,61.92275653161681,163538
SOCIAL HOUSING,232,76.85344827586206,17830
TCHC,258,100.70930232558139,25983
